{
  "students": [
    {
      "id": "a051",
      "name": "mohamed khaled",
      "subject": "fffffffffff",
      "grade": "6"
    },
    {
      "id": "1e98",
      "name": "Ali",
      "subject": "Math",
      "grade": "95"
    },
    {
      "id": "216d",
      "name": "بقببب",
      "subject": "hhhhhhh",
      "grade": "7"
    },
    {
      "id": "39f7",
      "name": "mm",
      "subject": "ttt",
      "grade": "4"
    },
    {
      "id": "57ce",
      "name": "jjjjk",
      "subject": "eeee",
      "grade": "5"
    },
    {
      "id": "2c6f",
      "name": "mohamed khaled",
      "subject": "english",
      "grade": "5"
    },
    {
      "id": "4435",
      "name": "mohamed khaled",
      "subject": "dsdds",
      "grade": "4"
    },
    {
      "id": "036a",
      "name": "Mohamed Khaled",
      "subject": "english",
      "grade": "6"
    }
  ]
}